identity,identity_type
1154,enrolled
8936,enrolled
5922,enrolled
9093,enrolled
7088,enrolled
7103,enrolled
5534,enrolled
9828,enrolled
6456,enrolled
5099,enrolled
9939,enrolled
3655,enrolled
1147,enrolled
9910,enrolled
9144,enrolled
5238,enrolled
6170,enrolled
5064,enrolled
5656,enrolled
5672,enrolled
2814,enrolled
494,enrolled
6086,enrolled
5575,enrolled
7422,enrolled
5127,enrolled
9000,enrolled
1104,enrolled
5780,enrolled
190,enrolled
9688,enrolled
9300,enrolled
4968,enrolled
6806,enrolled
5747,enrolled
5190,enrolled
8908,enrolled
6277,enrolled
5591,enrolled
8027,enrolled
5648,enrolled
5872,enrolled
9489,enrolled
8834,enrolled
2177,enrolled
4069,enrolled
4936,enrolled
913,enrolled
5437,enrolled
2835,enrolled
310,enrolled
644,enrolled
8971,enrolled
3336,enrolled
7222,enrolled
4870,enrolled
1167,enrolled
1120,enrolled
8748,enrolled
8415,enrolled
1149,enrolled
9632,enrolled
503,enrolled
6722,enrolled
5210,enrolled
6528,enrolled
7524,enrolled
5033,enrolled
5791,enrolled
6719,enrolled
8091,enrolled
5246,enrolled
8,enrolled
3877,enrolled
4929,enrolled
1128,enrolled
7253,enrolled
1350,enrolled
6136,enrolled
3236,enrolled
